Symbols,Unnamed: 1,total,square_total,instances
20MICRONS,,0,0,0
21STCENMGM,,0,0,0
3IINFOTECH,,2,2,2
3MINDIA,,0,0,0
3PLAND,,0,0,0
5PAISA,,0,0,0
63MOONS,,0,0,0
8KMILES,,2,2,2
A2ZINFRA,,1,1,1
AANCHALISP,,0,0,0
AARTIDRUGS,,2,2,2
AARTIIND,,1,1,1
AARVEEDEN,,0,0,0
ABAN,,1,1,1
ABB,,7,7,7
ABBOTINDIA,,0,0,0
ABCAPITAL,,5,5,5
ABFRL,,5,5,5
ABMINTLTD,,0,0,0
ACC,,9,13,7
ACCELYA,,0,0,0
ACE,,2,2,2
ADANIENT,,6,8,5
ADANIGREEN,,3,3,3
ADANIPORTS,,5,5,5
ADANIPOWER,,9,11,8
ADANITRANS,,3,3,3
ADFFOODS,,0,0,0
ADHUNIK,,1,1,1
ADHUNIKIND,,0,0,0
ADLABS,,1,1,1
ADORWELD,,0,0,0
ADROITINFO,,1,1,1
ADSL,,1,1,1
ADVANIHOTR,,0,0,0
ADVENZYMES,,0,0,0
AEGISCHEM,,0,0,0
AEGISLOG,,0,0,0
AFL,,0,0,0
AGARIND,,0,0,0
AGCNET,,4,4,4
AGIIL,,1,1,1
AGLSL,,0,0,0
AGRITECH,,2,2,2
AHLEAST,,2,2,2
AHLUCONT,,1,1,1
AHLWEST,,2,2,2
AIAENG,,0,0,0
AICHAMP,,1,1,1
AIFL,,0,0,0
AJANTPHARM,,0,0,0
AJMERA,,1,1,1
AKSCHEM,,0,0,0
AKSHARCHEM,,0,0,0
AKSHOPTFBR,,0,0,0
AKZOINDIA,,0,0,0
ALANKIT,,1,1,1
ALBERTDA,,0,0,0
ALBERTDAVD,,0,0,0
ALBK,,10,10,10
ALCHEM,,1,1,1
ALEMBICLTD,,9,9,9
ALICON,,0,0,0
ALKALI,,1,1,1
ALKEM,,2,4,1
ALKYLAMINE,,0,0,0
ALLCARGO,,1,1,1
ALLSEC,,3,3,3
ALMONDZ,,0,0,0
ALOKTEXT,,0,0,0
ALPA,,0,0,0
ALPHAGEO,,0,0,0
ALPSINDUS,,2,2,2
AMARAJABAT,,4,4,4
AMBER,,0,0,0
AMBIKCO,,0,0,0
AMBITION,,0,0,0
AMBUJACEM,,2,2,2
AMDIND,,0,0,0
AMJLAND,,0,0,0
AMRUTANJAN,,1,1,1
ANANTRAJ,,0,0,0
ANDHRABANK,,4,4,4
ANDHRACEMT,,0,0,0
ANDHRSUGAR,,0,0,0
ANDREWYU,,0,0,0
ANGIND,,1,1,1
ANIKINDS,,0,0,0
ANKITMETAL,,0,0,0
ANSALAPI,,0,0,0
ANSALHSG,,0,0,0
ANTGRAPHIC,,0,0,0
APARINDS,,2,2,2
APCL,,0,0,0
APCOTEXIND,,0,0,0
APEX,,1,1,1
APLAPOLLO,,4,4,4
APLLTD,,0,0,0
APOLLO,,21,25,19
APOLLOHOSP,,5,5,5
APOLLOTYRE,,7,7,7
APOLSINHOT,,0,0,0
APTECHT,,5,5,5
ARCHIDPLY,,0,0,0
ARCHIES,,0,0,0
ARCOTECH,,0,0,0
ARENTERP,,0,0,0
ARIES,,0,0,0
ARIHANT,,1,1,1
ARIHANTSUP,,0,0,0
ARMANFIN,,0,0,0
AROGRANITE,,1,1,1
ARROWGREEN,,0,0,0
ARROWTEX,,0,0,0
ARSHIYA,,0,0,0
ARSSINFRA,,1,1,1
ARTEMIS,,0,0,0
ARVIND,,9,13,7
ARVSMART,,0,0,0
ASAHIINDIA,,0,0,0
ASAHISONG,,0,0,0
ASAL,,1,1,1
ASHAPURMIN,,1,1,1
ASHFL,,0,0,0
ASHIANA,,0,0,0
ASHIMASYN,,1,1,1
ASHOKA,,10,10,10
ASHOKLEY,,19,21,18
ASIANHOTNR,,2,2,2
ASIANPAINT,,9,9,9
ASIANTILES,,5,5,5
ASL,,0,0,0
ASPINWALL,,0,0,0
ASSAMCO,,0,0,0
ASTAR,,0,0,0
ASTEC,,1,1,1
ASTERDM,,0,0,0
ASTRAL,,0,0,0
ASTRAMICRO,,1,1,1
ASTRAZEN,,2,2,2
ASTRON,,2,2,2
ATFL,,0,0,0
ATISHAY,,1,1,1
ATLANTA,,0,0,0
ATLASCYCLE,,0,0,0
ATUL,,6,6,6
ATULAUTO,,4,4,4
AUBANK,,2,2,2
AURIONPRO,,2,2,2
AUROPHARMA,,21,27,18
AUSOMENT,,1,1,1
AUTOAXLES,,0,0,0
AUTOIND,,2,2,2
AUTOLITIND,,0,0,0
AVADHSUGAR,,1,1,1
AVANTI,,3,3,3
AVANTIFEED,,3,3,3
AVTNPL,,0,0,0
AXISBANK,,33,41,29
AYMSYNTEX,,0,0,0
BAFNAPHARM,,0,0,0
BAGFILMS,,0,0,0
AUTO,,0,0,0
BAJAJCORP,,3,3,3
BAJAJELEC,,3,3,3
BAJAJFINSV,,6,6,6
BAJAJHIND,,3,3,3
BAJAJHLDNG,,6,6,6
BAJFINANCE,,14,14,14
BALAJITELE,,1,1,1
BALAMINES,,1,1,1
BALAXI,,0,0,0
BALKRISHNA,,5,5,5
BALKRISIND,,5,5,5
BALLARPUR,,0,0,0
BALMLAWRIE,,0,0,0
BALPHARMA,,0,0,0
BALRAMCHIN,,2,2,2
BANARBEADS,,0,0,0
BANARISUG,,2,2,2
BANCOINDIA,,0,0,0
BANDHANBNK,,23,29,21
BANG,,2,2,2
BANKBARODA,,81,93,75
BANKINDIA,,92,106,85
BANSWRAS,,0,0,0
BARTRONICS,,0,0,0
BASF,,1,1,1
BASML,,2,2,2
BATAINDIA,,0,0,0
BAYERCROP,,1,1,1
BBL,,3,3,3
BBTC,,0,0,0
BCP,,0,0,0
BDL,,2,4,1
BEARDSELL,,0,0,0
BEDMUTHA,,0,0,0
BEL,,7,7,7
BELLACASA,,0,0,0
BEML,,4,4,4
BENGALASM,,0,0,0
BEPL,,0,0,0
BERGEPAINT,,2,2,2
BFINVEST,,0,0,0
BFUTILITIE,,1,1,1
BGLOBAL,,0,0,0
BGRENERGY,,0,0,0
BHAGERIA,,1,1,1
BHAGIL,,1,1,1
BHAGYANGR,,0,0,0
BHAGYAPROP,,0,0,0
BHAGYNAGAR,,0,0,0
BHANDARI,,0,0,0
BHANDHOS,,0,0,0
BHARATFIN,,3,3,3
BHARATFORG,,10,10,10
BHARATGEAR,,0,0,0
BHARATRAS,,0,0,0
BHARATWIRE,,0,0,0
BHARTIARTL,,29,29,29
BHEL,,20,26,17
BHUSANSTL,,5,5,5
BIGBLOC,,0,0,0
BIL,,1,1,1
BILENERGY,,1,1,1
BILPOWER,,0,0,0
BINANIIND,,1,1,1
BINDALAGRO,,0,0,0
BIOCON,,8,8,8
BIOFILCHEM,,0,0,0
BIRLACABLE,,0,0,0
BIRLACORPN,,2,2,2
BIRLAMONEY,,5,5,5
BKMINDST,,1,1,1
BLBLIMITED,,0,0,0
BLIL,,0,0,0
BLISSGVS,,0,0,0
BLKASHYAP,,0,0,0
BLS,,0,0,0
B,,0,0,0
BLUEBLENDS,,0,0,0
BLUECHIP,,5,7,4
BLUECOAST,,0,0,0
BLUEDART,,0,0,0
BLUESTARCO,,1,1,1
BODALCHEM,,2,2,2
BOMDYEING,,2,2,2
BOROSIL,,2,2,2
BOSCHLTD,,8,10,7
BPCL,,15,19,13
BPL,,1,1,1
BRFL,,0,0,0
BRIGADE,,4,4,4
BRITANNIA,,11,11,11
BRNL,,0,0,0
BROOKS,,1,1,1
BSE,,60,70,55
BSELINFRA,,0,0,0
BSL,,1,1,1
BURNPUR,,1,1,1
BUTTERFLY,,0,0,0
BVCL,,1,1,1
BYKE,,0,0,0
CADILAHC,,11,15,9
CALSOFT,,0,0,0
CAMLINFINE,,0,0,0
CANBK,,4,4,4
CANDC,,0,0,0
CANFINHOME,,1,1,1
CANTABIL,,0,0,0
CAPACITE,,1,1,1
CAPF,,5,5,5
CAPITALT,,0,0,0
CAPLIPOINT,,1,1,1
CAPPL,,0,0,0
CAPTRUST,,0,0,0
CARBORUNIV,,0,0,0
CAREERP,,1,1,1
CARERATING,,3,5,2
CASTEXTECH,,1,1,1
CASTROLIND,,1,1,1
CCCL,,144,154,139
CCHHL,,0,0,0
CCL,,0,0,0
CDSL,,0,0,0
CEATLTD,,11,15,9
CEBBCO,,0,0,0
CEINSYSTECH,,0,0,0
CELEBRITY,,0,0,0
CELESTIAL,,1,1,1
CENTENKA,,0,0,0
CENTEXT,,0,0,0
CENTRALBK,,29,31,28
CENTRUM,,6,12,4
CENTUM,,0,0,0
CENTURYPLY,,1,1,1
CENTURYTEX,,3,3,3
CERA,,1,1,1
CEREBRAINT,,0,0,0
CESC,,2,2,2
CGCL,,0,0,0
CGPOWER,,0,0,0
CHAMBLFERT,,0,0,0
CHEMFAB,,1,1,1
CHENNPETRO,,0,0,0
CHOLAFIN,,0,0,0
CHROMATIC,,1,1,1
CIGNITITEC,,0,0,0
CIMMCO,,0,0,0
CINELINE,,0,0,0
CINEVISTA,,0,0,0
CIPLA,,12,14,11
CLEDUCATE,,1,1,1
CLNINDIA,,0,0,0
CMI,,1,1,1
CMICABLES,,0,0,0
CNOVAPETRO,,0,0,0
COALINDIA,,14,16,13
COCHINSHIP,,3,3,3
COFFEEDAY,,2,2,2
COLPAL,,3,3,3
COMCL,,1,1,1
COMPINFO,,0,0,0
COMPUAGE,,1,1,1
COMPUSOFT,,0,0,0
CONCOR,,3,3,3
CONSOFINVT,,0,0,0
CONTROLPR,,0,0,0
CORALFINAC,,1,1,1
CORDSCABLE,,0,0,0
COROMANDEL,,0,0,0
CORPBANK,,2,2,2
COSMOFILMS,,2,2,2
COUNCODOS,,0,0,0
KINGS,,0,0,0
CPSEETF,,9,9,9
CRANESSOFT,,0,0,0
CREATIVEYE,,0,0,0
CREST,,0,0,0
CRISIL,,10,12,9
CROMPTON,,5,7,4
CTE,,0,0,0
CUB,,0,0,0
CUBEXTUB,,0,0,0
CUMMINSIND,,1,1,1
CUPID,,0,0,0
CURATECH,,0,0,0
CYBERMEDIA,,0,0,0
CYBERTECH,,1,1,1
CYIENT,,4,4,4
DAAWAT,,0,0,0
DABUR,,16,16,16
DALMIABHA,,0,0,0
DALMIASUG,,0,0,0
DAMODARIND,,1,1,1
DAMOINDUS,,1,1,1
DATAMATICS,,0,0,0
DBCORP,,3,3,3
DBL,,14,18,12
DBREALTY,,2,2,2
DBSTOCKBRO,,0,0,0
DCAL,,0,0,0
DCBBANK,,4,4,4
DCM,,4,10,2
DCMFINSERV,,0,0,0
DCMSHRIRAM,,4,10,2
DCW,,0,0,0
DECCANCE,,0,0,0
DEEPAKFERT,,0,0,0
DEEPAKNI,,0,0,0
DEEPAKNTR,,0,0,0
DEEPIND,,2,2,2
DELTACORP,,3,3,3
DELTAMAGNT,,1,1,1
DEN,,3,3,3
DENABANK,,7,9,6
DENORA,,0,0,0
DFM,,0,0,0
DFMFOODS,,0,0,0
DHAMPURSUG,,2,2,2
DHANBANK,,1,1,1
DHANUKA,,2,2,2
DHARSUGAR,,0,0,0
DHFL,,30,42,24
DHUNINV,,1,1,1
DHUNTEAIND,,0,0,0
DIAMONDYD,,0,0,0
DIAPOWER,,0,0,0
DICIND,,0,0,0
DIGJAMLTD,,0,0,0
DISHTV,,11,13,10
DIVISLAB,,2,2,2
DIXON,,0,0,0
DLF,,8,8,8
DLINKINDIA,,0,0,0
DMART,,3,3,3
DNAMEDIA,,0,0,0
DOLLAR,,184,226,165
DOLPHINOFF,,0,0,0
DONEAR,,0,0,0
DPL,,0,0,0
DPSCLTD,,0,0,0
DQE,,1,1,1
DREDGECORP,,1,1,1
DRREDDY,,4,4,4
DSSL,,0,0,0
DTIL,,0,0,0
DUCON,,0,0,0
DWARKESH,,0,0,0
DYNAMATECH,,1,1,1
DYNPRO,,1,1,1
EASTSILK,,0,0,0
EASUNREYRL,,0,0,0
ECEIND,,0,0,0
ECLERX,,0,0,0
EDELWEISS,,29,31,28
EDL,,0,0,0
EICHERMOT,,19,21,18
EIDPARRY,,0,0,0
EIHAHOTELS,,0,0,0
EIHOTEL,,0,0,0
EIMCOELECO,,0,0,0
EKC,,0,0,0
ELAND,,0,0,0
ELANTAS,,0,0,0
ELECON,,3,3,3
ELECTCAST,,0,0,0
ELECTHERM,,0,0,0
ELECTROSL,,1,1,1
ELGIEQUIP,,2,2,2
ELGIRUBCO,,0,0,0
EMAMIINFRA,,0,0,0
EMAMILTD,,11,11,11
EMAMIPAP,,0,0,0
EMCO,,0,0,0
EMKAY,,4,6,3
EMMBI,,0,0,0
EMPIND,,0,0,0
ENDURANCE,,3,3,3
ENERGYDEV,,0,0,0
ENGINERSIN,,5,7,4
ENIL,,0,0,0
EON,,2,2,2
EQUITAS,,4,4,4
ERIS,,1,1,1
EROSMEDIA,,5,5,5
ESABINDIA,,0,0,0
ESCORTS,,14,16,13
ESSARSHPNG,,0,0,0
ESSDEE,,0,0,0
ESSELPACK,,0,0,0
ESSELPRO,,0,0,0
ESTER,,0,0,0
EUROCERA,,0,0,0
EUROMULTI,,0,0,0
EUROTEXIND,,0,0,0
EVEREADY,,2,2,2
EVERESTIND,,0,0,0
EXCEL,,3,3,3
EXCELCROP,,3,3,3
EXCELINDUS,,0,0,0
EXIDEIND,,5,5,5
FACT,,0,0,0
FAIRCHEM,,0,0,0
FCL,,0,0,0
FCONSUMER,,0,0,0
FCSSOFT,,0,0,0
FDC,,1,1,1
FEDDERELEC,,0,0,0
FEDERALBNK,,14,16,13
FEL,,1,1,1
FELDVR,,1,1,1
FIEMIND,,0,0,0
FILATEX,,0,0,0
FINCABLES,,0,0,0
FINOLEXIND,,2,2,2
FINPIPE,,2,2,2
FLEXITUFF,,0,0,0
FLFL,,3,3,3
FMGOETZE,,0,0,0
FMNL,,0,0,0
FORBESCO,,0,0,0
FORCEMOT,,1,1,1
FORTIS,,16,24,13
FORTUNEF,,0,0,0
FORTUNEFIN,,0,0,0
FOSECOIND,,2,2,2
FRETAIL,,4,4,4
FSC,,1,1,1
FSL,,0,0,0
GABRIEL,,0,0,0
GAEL,,0,0,0
GAIL,,25,25,25
GAL,,0,0,0
GALAXYSURF,,0,0,0
GALLANTT,,5,5,5
GALLISPAT,,3,3,3
GAMMNINFRA,,0,0,0
GANDHITUBE,,0,0,0
GANECOS,,0,0,0
GANESHHOUC,,0,0,0
GANGESSEC,,0,0,0
GANGESSECU,,0,0,0
GARDENSILK,,0,0,0
GARWALLROP,,0,0,0
GATI,,0,0,0
GAYAPROJ,,4,4,4
GDL,,2,2,2
GEECEE,,0,0,0
GEMINI,,1,1,1
GENESYS,,0,0,0
GENUSPAPER,,0,0,0
GENUSPOWER,,1,1,1
GEOJITFSL,,3,3,3
GEPIL,,4,4,4
GESHIP,,1,1,1
D,,0,0,0
GGPL,,0,0,0
GHCL,,0,0,0
GICHSGFIN,,0,0,0
GICRE,,6,6,6
GILLANDERS,,0,0,0
GILLETTE,,2,2,2
GINNIFILA,,0,0,0
GIPCL,,0,0,0
GISOLUTION,,0,0,0
GITANJALI,,0,0,0
GKWLIMITED,,0,0,0
GLAXO,,4,4,4
GLENMARK,,10,10,10
GLFL,,0,0,0
GLOBALVECT,,0,0,0
GLOBOFFS,,0,0,0
GLOBUSSPR,,1,1,1
GMBREW,,1,1,1
GMDCLTD,,0,0,0
GMM,,0,0,0
GMMPFAUDLR,,0,0,0
GMRINFRA,,2,2,2
GNA,,0,0,0
GNFC,,1,1,1
GOACARBON,,3,3,3
GOCLCORP,,0,0,0
GODFRYPHLP,,0,0,0
GODREJAGRO,,3,3,3
GODREJCP,,12,12,12
GODREJIND,,3,3,3
GODREJPROP,,12,12,12
GOKEX,,1,1,1
GOKUL,,0,0,0
GOKULAGRO,,0,0,0
GOLDENTOBC,,0,0,0
GOLDIAM,,0,0,0
GOLDINFRA,,0,0,0
GOLDTECH,,0,0,0
GOODLUCK,,0,0,0
GOODYEAR,,0,0,0
GOVNOW,,1,1,1
GPIL,,0,0,0
GPPL,,1,1,1
GPTINFRA,,3,3,3
GRANULES,,2,2,2
GRAPHITE,,7,7,7
GRASIM,,5,7,4
GRAUWEIL,,0,0,0
GRAVITA,,0,0,0
GREAVESCOT,,2,2,2
GREENLAM,,1,1,1
GREENPLY,,0,0,0
GREENPOWER,,1,1,1
GRINDWELL,,0,0,0
GRNLAMIND,,1,1,1
GROBTEA,,0,0,0
GRPLTD,,0,0,0
GRUH,,2,2,2
GSCLCEMENT,,0,0,0
GSFC,,0,0,0
GSKCONS,,4,4,4
GSPL,,0,0,0
GSS,,1,1,1
GTL,,2,2,2
GTLINFRA,,1,1,1
GTNIND,,0,0,0
GTNINDS,,0,0,0
GTNTEX,,0,0,0
GTPL,,1,1,1
GUFICBIO,,1,1,1
GUJALKALI,,0,0,0
GUJAPOLLO,,0,0,0
GUJFLUORO,,1,1,1
GUJGAS,,1,1,1
GUJGASLTD,,1,1,1
GUJRAFFIA,,0,0,0
GULFOILLUB,,0,0,0
GULFPETRO,,1,1,1
GULPOLY,,0,0,0
GVKPIL,,1,1,1
HAL,,6,6,6
HANUNG,,0,0,0
HARITASEAT,,0,0,0
HARRMALAYA,,0,0,0
HATHWAY,,6,12,4
HATSUN,,0,0,0
HAVELLS,,6,8,5
HAVISHA,,0,0,0
HAWKINCOOK,,0,0,0
HBLPOWER,,0,0,0
HCC,,3,3,3
HCG,,1,1,1
INSYS,,0,0,0
HCLTECH,,8,10,7
HDFC,,81,95,74
HDFCBANK,,23,27,21
HDFCLIFE,,1,1,1
HDIL,,5,5,5
HEG,,7,7,7
HEIDELBERG,,2,2,2
HERCULES,,0,0,0
HERITGFOOD,,1,1,1
HEROMOTOCO,,13,17,11
HESTERBIO,,1,1,1
HEXATRADEX,,0,0,0
HEXAWARE,,2,2,2
HFCL,,3,5,2
HGINFRA,,0,0,0
HGS,,2,2,2
HIGHGROUND,,0,0,0
HIKAL,,0,0,0
HIL,,2,4,1
HILTON,,2,2,2
HIMATSEIDE,,0,0,0
HINDALCO,,24,26,23
HINDCOMPOS,,0,0,0
HINDCOPPER,,4,10,2
HINDDORROL,,0,0,0
HINDMOTORS,,0,0,0
HINDNATGLS,,1,1,1
HINDOILEXP,,0,0,0
HINDPETRO,,3,9,1
HINDSYNTEX,,0,0,0
HINDUJAVEN,,0,0,0
HINDUNILVR,,7,9,6
HINDZINC,,3,5,2
HIRECT,,1,1,1
HISARMET,,0,0,0
HISARMETAL,,0,0,0
HITECH,,2,2,2
HITECHCORP,,2,2,2
HITECHGEAR,,0,0,0
HMVL,,1,1,1
HOCL,,0,0,0
HONAUT,,0,0,0
HONDAPOWER,,0,0,0
HOTELEELA,,2,2,2
HOTELRUGBY,,0,0,0
HOVS,,0,0,0
HPL,,1,1,1
HSCL,,0,0,0
HSIL,,0,0,0
HTMEDIA,,1,1,1
HUBTOWN,,0,0,0
HUDCO,,0,0,0
IBREALEST,,5,5,5
IBULHSGFIN,,16,26,12
IBULISL,,0,0,0
IBVENTUREPP,,13,13,13
IBVENTURES,,13,13,13
ICICIBANK,,52,62,47
ICICIGI,,3,3,3
ICIL,,2,2,2
ICRA,,17,21,15
ICSA,,1,1,1
IDBI,,27,27,27
IDEA,,25,37,21
IDFC,,17,23,14
IDFCBANK,,8,8,8
IEX,,4,4,4
IFBAGRO,,0,0,0
IFBIND,,0,0,0
IFCI,,1,1,1
IFGLEXPOR,,0,0,0
IGARASHI,,0,0,0
IGL,,10,10,10
IGPL,,1,1,1
IIFL,,12,14,11
IITL,,1,1,1
FSENGG,,0,0,0
FSTRANS,,0,0,0
IMFA,,1,1,1
IMPAL,,0,0,0
IMPEXFERRO,,0,0,0
INDBANK,,1,1,1
INDHOTEL,,4,6,3
INDIACEM,,1,1,1
INDIAGLYCO,,1,1,1
INDIANB,,28,32,26
INDIANCARD,,0,0,0
INDIANHUME,,1,1,1
INDIGO,,26,26,26
INDLMETER,,1,1,1
INDNIPPON,,0,0,0
INDOCO,,1,1,1
INDORAMA,,0,0,0
INDOSOLAR,,0,0,0
INDOSTAR,,1,1,1
INDOTECH,,0,0,0
INDOTHAI,,0,0,0
INDOWIND,,2,2,2
INDRAMEDCO,,0,0,0
INDSWFTLAB,,0,0,0
INDSWFTLTD,,0,0,0
INDTERRAIN,,0,0,0
INDUSINDBK,,29,35,26
INEOSSTYRO,,0,0,0
INFIBEAM,,7,9,6
INFINITE,,0,0,0
INFRATEL,,7,7,7
INFY,,40,54,35
INGERRAND,,0,0,0
INOXLEISUR,,9,11,8
INOXWIND,,0,0,0
INSECTICID,,2,2,2
INTEGRA,,0,0,0
INTELLECT,,2,2,2
INTENTECH,,0,0,0
INVENTURE,,1,1,1
IOB,,5,5,5
IOC,,30,34,28
IOLCP,,0,0,0
IPAPPM,,3,3,3
IPCALAB,,1,1,1
IRB,,2,2,2
ISEC,,6,6,6
ISFT,,0,0,0
ISGEC,,0,0,0
ISMTLTD,,1,1,1
ITC,,28,28,28
ITDC,,0,0,0
ITDCEM,,1,1,1
ITI,,2,2,2
IVC,,1,1,1
IVP,,1,1,1
IVRCLINFRA,,0,0,0
IZMO,,0,0,0
KBANK,,0,0,0
JAGRAN,,4,4,4
JAGSNPHARM,,0,0,0
JAIBALAJI,,0,0,0
JAICORPLTD,,0,0,0
JAIHINDPRO,,0,0,0
JAINSTUDIO,,0,0,0
JAMNAAUTO,,3,3,3
JAYAGROGN,,0,0,0
JAYBARMARU,,1,1,1
JAYNECOIND,,0,0,0
JAYSHREETEA,,0,0,0
JAYSREETEA,,0,0,0
JBCHEPHARM,,0,0,0
JBFIND,,0,0,0
JBMA,,1,1,1
JCHAC,,2,2,2
JETAIRWAYS,,76,88,70
JHS,,2,2,2
JIKIND,,0,0,0
JINDALPHOT,,0,0,0
JINDALPOLY,,0,0,0
JINDALSAW,,0,0,0
JINDALSTEL,,8,10,7
JINDCOT,,0,0,0
JINDRILL,,0,0,0
JINDWORLD,,0,0,0
JISLDVREQS,,1,1,1
JISLJALEQS,,1,1,1
JITFINFRA,,0,0,0
JIYAECO,,0,0,0
JKCEMENT,,0,0,0
JKIL,,2,2,2
JKLAKSHMI,,0,0,0
JKPAPER,,4,4,4
JKTYRE,,0,0,0
JMA,,0,0,0
JMCPROJECT,,0,0,0
JMFINANCIL,,9,9,9
JMTAUTOLTD,,0,0,0
JOCIL,,0,0,0
JPASSOCIAT,,0,0,0
JPINFRATEC,,3,5,2
JPOLYINVST,,0,0,0
JPPOWER,,0,0,0
JSL,,3,3,3
JSLHISAR,,3,3,3
JSWENERGY,,4,4,4
JSWHL,,1,1,1
JSWSTEEL,,18,24,16
JTEKTINDIA,,1,1,1
JUBILANT,,11,13,10
JUBLFOOD,,8,10,7
JUBLINDS,,0,0,0
JUSTDIAL,,1,1,1
JVLAGRO,,0,0,0
JYOTHYLAB,,1,1,1
KABRAEXTRU,,0,0,0
KAJARIACER,,3,3,3
KAKATCEM,,0,0,0
KALPATPOWR,,2,2,2
KALYANI,,2,2,2
KALYANIFRG,,0,0,0
KAMAHOLD,,0,0,0
KAMATHOTEL,,0,0,0
KAMDHENU,,0,0,0
KANANIIND,,0,0,0
KANORICHEM,,1,1,1
KANSAINER,,0,0,0
KARDA,,0,0,0
KARMAENG,,0,0,0
KARURVYSYA,,3,3,3
KAUSHALYA,,0,0,0
KAVVERITEL,,0,0,0
KAYA,,1,1,1
KCP,,0,0,0
KCPSUGIND,,0,0,0
KDDL,,0,0,0
KEC,,3,3,3
KECL,,0,0,0
KEI,,3,5,2
KELLTONTEC,,0,0,0
KENNAMET,,1,1,1
KESARENT,,5,5,5
KESORAMIND,,1,1,1
KEYCORPSER,,0,0,0
KGL,,0,0,0
KHADIM,,2,2,2
KHAITANELE,,0,0,0
KHAITANLTD,,0,0,0
KHANDSE,,0,0,0
KICL,,0,0,0
KILITCH,,0,0,0
KINGFA,,0,0,0
KIOCL,,1,1,1
KIRIINDUS,,0,0,0
KIRLFER,,0,0,0
KIRLOSBROS,,0,0,0
KIRLOSENG,,2,4,1
KIRLOSIND,,0,0,0
KIRLPNU,,2,2,2
KITEX,,1,1,1
KKCL,,0,0,0
KMSUGAR,,1,1,1
KNRCON,,0,0,0
KOHINOOR,,0,0,0
KOKUYOCMLN,,0,0,0
KOLTEPATIL,,1,1,1
KOPRAN,,0,0,0
KOTAKBANK,,11,11,11
KOTARISUG,,0,0,0
KOTHARIPET,,0,0,0
KOTHARIPRO,,0,0,0
KPIT,,2,2,2
KPRMILL,,1,1,1
KRBL,,1,1,1
KREBSBIO,,1,1,1
KRIDHANINF,,0,0,0
KRIINFRA,,0,0,0
KSBPUMPS,,0,0,0
KSCL,,2,2,2
KSERASERA,,0,0,0
KSK,,0,0,0
KSL,,1,1,1
KTIL,,0,0,0
KTKBANK,,4,4,4
KWALITY,,2,2,2
TFH,,0,0,0
LAKPRE,,0,0,0
LAKSHMIEFL,,0,0,0
LAKSHMIO,,0,0,0
LAKSHVILAS,,2,4,1
LALPATHLAB,,4,4,4
LAMBODHARA,,0,0,0
LANCER,,0,0,0
LAOPALA,,0,0,0
LASA,,0,0,0
LAURUSLABS,,3,3,3
LAXMIMACH,,1,1,1
LEEL,,0,0,0
LEHIL,,1,1,1
LEMONTREE,,2,2,2
LFIC,,0,0,0
LGBBROSLTD,,0,0,0
LGBFORGE,,0,0,0
LIBERTSHOE,,0,0,0
LICHSGFIN,,0,0,0
LINCOLN,,2,2,2
LINCOPH,,2,2,2
LINCPEN,,2,2,2
LINCPENQ,,2,2,2
LINDEINDIA,,0,0,0
LITL,,0,0,0
LOKESHMACH,,0,0,0
LOTUSEYE,,1,1,1
LOVABLE,,0,0,0
LPDC,,0,0,0
LSIL,,0,0,0
LT,,14,14,14
LTI,,0,0,0
LTTS,,2,2,2
LUMAXIND,,1,1,1
LUMAXTECH,,1,1,1
LUPIN,,33,37,31
LUXIND,,0,0,0
LYCOS,,0,0,0
LYKALABS,,2,2,2
LYPSAGEMS,,0,0,0
M,,0,0,0
MFIN,,0,0,0
MAANALU,,0,0,0
MADHAV,,0,0,0
MADHUCON,,0,0,0
MADRASFERT,,0,0,0
MAGADHSUGAR,,3,3,3
MAGADSUGAR,,3,3,3
MAGMA,,0,0,0
MAGNUM,,1,1,1
MAHABANK,,29,33,27
MAHAPEXLTD,,0,0,0
MAHASTEEL,,0,0,0
MAHINDCIE,,1,1,1
MAHLIFE,,1,1,1
MAHLOG,,0,0,0
MAHSCOOTER,,0,0,0
MAHSEAMLES,,0,0,0
MAITHANALL,,0,0,0
MAJESCO,,0,0,0
MALUPAPER,,0,0,0
MANAKALUCO,,0,0,0
MANAKCOAT,,0,0,0
MANAKSIA,,0,0,0
MANAKSTEEL,,0,0,0
MANAKSTELTD,,0,0,0
MANALIPETC,,0,0,0
MANAPPURAM,,6,6,6
MANDHANA,,0,0,0
MANGALAM,,1,1,1
MANGCHEFER,,0,0,0
MANGLMCEM,,0,0,0
MANGTIMBER,,0,0,0
MANINDS,,0,0,0
MANINFRA,,0,0,0
MANPASAND,,3,3,3
MANUGRAPH,,0,0,0
MARALOVER,,1,1,1
MARATHON,,0,0,0
MARICO,,3,3,3
MARKSANS,,4,4,4
MARUTI,,80,86,77
MASFIN,,0,0,0
MASTEK,,3,3,3
MATRIMONY,,1,1,1
MAWANASUG,,0,0,0
MAXINDIA,,3,3,3
MAXVIL,,0,0,0
MAYURUNIQ,,2,2,2
MAZDA,,2,2,2
MAZDALTD,,2,2,2
MBECL,,0,0,0
MBLINFRA,,1,1,1
MCDHOLDING,,0,0,0
N,,0,0,0
MCLEODRUSS,,2,4,1
MCX,,6,6,6
MEGASOFT,,2,2,2
MEGH,,0,0,0
MELSTAR,,0,0,0
MENONBE,,1,1,1
MEP,,1,1,1
MERCATOR,,1,1,1
MERCK,,8,8,8
METALFORGE,,0,0,0
METKORE,,0,0,0
MFSL,,4,4,4
MGL,,2,2,2
MHRIL,,1,1,1
MIC,,0,0,0
MIDHANI,,2,2,2
MINDACORP,,0,0,0
MINDAIND,,2,2,2
MINDTECK,,0,0,0
MINDTREE,,18,24,15
MIRCELECTR,,1,1,1
MIRZAINT,,0,0,0
MISHKA,,0,0,0
MJCO,,0,0,0
MMFL,,0,0,0
MMTC,,5,5,5
MNKALCOLTD,,0,0,0
MNKCMILTD,,0,0,0
MODIRUBBER,,1,1,1
MOHITIND,,0,0,0
MOHOTAIND,,2,4,1
MOIL,,4,6,3
MOLDTECH,,0,0,0
MOLDTEK,,0,0,0
MOLDTKPAC,,3,3,3
MONNETISPA,,1,1,1
MONSANTO,,4,4,4
MONTECARLO,,0,0,0
MORARJEE,,0,0,0
MOREPENLAB,,1,1,1
MOSERBAER,,0,0,0
MOTHERSUMI,,9,11,8
MOTILALOFS,,22,26,20
MOTOGENFIN,,0,0,0
MPHASIS,,3,3,3
MPSLTD,,2,2,2
MRF,,7,9,6
TEK,,0,0,0
MRPL,,3,3,3
MSPL,,1,1,1
MTEDUCARE,,1,1,1
MTNL,,5,5,5
MUKANDENGG,,0,0,0
MUKANDLTD,,0,0,0
MUKTAARTS,,0,0,0
MUNJALAU,,0,0,0
MUNJALSHOW,,0,0,0
MURUDCERA,,0,0,0
MUTHOOTCAP,,0,0,0
MUTHOOTFIN,,4,4,4
MUTHTFN,,1,1,1
MVL,,0,0,0
NACLIND,,0,0,0
NAGAFERT,,0,0,0
NAGARFERT,,0,0,0
NAGAROIL,,1,1,1
NAGREEKCAP,,0,0,0
NAGREEKEXP,,0,0,0
NAHARCAP,,0,0,0
NAHARINDUS,,0,0,0
NAHARPOLY,,0,0,0
NAHARSPING,,0,0,0
NATCOPHARM,,1,1,1
NATHBIOGEN,,0,0,0
NATIONALUM,,1,1,1
NATNLSTEEL,,0,0,0
NATPEROX,,0,0,0
NAUKRI,,4,4,4
NAVINFLUOR,,0,0,0
NAVKARCORP,,1,1,1
NAVNETEDUL,,1,1,1
NBCC,,18,22,16
NBIFIN,,0,0,0
NBVENTURES,,2,2,2
NCC,,5,11,3
NCLIND,,0,0,0
NDGL,,0,0,0
NDL,,0,0,0
NDTV,,2,2,2
NECCLTD,,0,0,0
NECLIFE,,0,0,0
NELCAST,,1,1,1
NELCO,,0,0,0
NESCO,,1,1,1
NESTLEIND,,4,4,4
NETWORK18,,1,1,1
NEULANDLAB,,0,0,0
NEWGEN,,0,0,0
NEXTMEDIA,,3,3,3
NFL,,2,2,2
NH,,0,0,0
NHPC,,3,3,3
NIACL,,0,0,0
NIBL,,1,1,1
NIITLTD,,10,10,10
NIITTECH,,6,6,6
NILA,,0,0,0
NILAINFRA,,0,0,0
NILKAMAL,,1,1,1
NIPPOBATRY,,0,0,0
NIRAJISPAT,,0,0,0
NIRLON,,0,0,0
NITCO,,0,0,0
NITESHEST,,2,2,2
NITINFIRE,,0,0,0
NITINSPIN,,0,0,0
NIYOGIN,,0,0,0
NKIND,,1,1,1
NLCINDIA,,1,1,1
NMDC,,6,6,6
NOCIL,,0,0,0
NOIDATOLL,,0,0,0
NORBTEAEXP,,0,0,0
NOVARTIND,,0,0,0
NRAGRINDQ,,1,1,1
NRAIL,,1,1,1
NRBBEARING,,4,4,4
NSIL,,1,1,1
NTL,,0,0,0
NTPC,,14,18,12
NUCLEUS,,0,0,0
NUTEK,,0,0,0
OASIS,,0,0,0
OBEROIRLTY,,6,6,6
OBIL,,0,0,0
OCCL,,0,0,0
OCL,,0,0,0
OFSS,,4,4,4
OIL,,554,662,504
OILCOUNTUB,,0,0,0
OISL,,0,0,0
OMAXAUTO,,0,0,0
OMAXE,,0,0,0
OMKARCHEM,,2,2,2
OMMETALS,,0,0,0
ONELIFECAP,,0,0,0
ONGC,,34,44,30
ONMOBILE,,1,1,1
ONWARDTEC,,1,1,1
OPTIEMUS,,1,1,1
OPTOCIRCUI,,1,1,1
ORBTEXP,,1,1,1
ORICON,,0,0,0
ORICONENT,,0,0,0
ORIENTABRA,,1,1,1
ORIENTALTL,,1,1,1
ORIENTBANK,,5,5,5
ORIENTBELL,,0,0,0
ORIENTCEM,,2,2,2
ORIENTCQ,,0,0,0
ORIENTELEC,,1,1,1
ORIENTHOT,,0,0,0
ORIENTLTD,,0,0,0
ORIENTPPR,,0,0,0
ORIENTREF,,2,2,2
ORISSAMINE,,0,0,0
ORTEL,,0,0,0
ORTINLAABS,,0,0,0
ORTINLABSS,,0,0,0
OSWALAGRO,,0,0,0
PAEL,,0,0,0
PAGEIND,,5,5,5
PAISALO,,1,1,1
PALASHSEC,,0,0,0
PALASHSECU,,0,0,0
PALRED,,0,0,0
PALREDTEC,,0,0,0
PANACEABIO,,1,1,1
PANAMAPET,,0,0,0
PANORAMUNI,,0,0,0
PAPERPROD,,0,0,0
PARABDRUGS,,0,0,0
PARACABLES,,0,0,0
PARAGMILK,,0,0,0
PARSVNATH,,1,1,1
PATELENG,,0,0,0
PATINTLOG,,0,0,0
PATSPINLTD,,1,1,1
PBAINFRA,,0,0,0
PCJEWELLER,,7,7,7
PDMJEPAPER,,1,1,1
PDPL,,0,0,0
PDSMFL,,0,0,0
PEARLPOLY,,0,0,0
PEL,,11,11,11
PENIND,,5,5,5
PENINLAND,,1,1,1
PENPEBS,,0,0,0
PERSISTENT,,8,10,7
PETRONENGG,,0,0,0
PETRONET,,10,12,9
PFC,,12,18,10
PFIZER,,3,3,3
PFOCUS,,0,0,0
PFS,,0,0,0
PGEL,,0,0,0
PGHH,,0,0,0
PGIL,,0,0,0
PHILIPCARB,,1,1,1
PHOENIXLTD,,0,0,0
PIDILITIND,,0,0,0
PIIND,,1,1,1
PILANIINVS,,0,0,0
PILITA,,0,0,0
PIONDIST,,0,0,0
PIONEEREMB,,0,0,0
PIRPHYTO,,0,0,0
PITTIENG,,0,0,0
PITTILAM,,0,0,0
PKTEA,,0,0,0
PLASTIBLEN,,0,0,0
PNB,,38,46,34
PNBGILTS,,0,0,0
PNBHOUSING,,3,3,3
PNC,,2,2,2
PNCINFRA,,2,2,2
POCHIRAJU,,0,0,0
PODARPIGQ,,0,0,0
PODDAR,,1,1,1
PODDARHOUS,,0,0,0
PODDARMENT,,0,0,0
POKARNA,,0,0,0
POLARIS,,0,0,0
POLYMED,,0,0,0
POLYPLEX,,1,1,1
PONNIERODE,,1,1,1
POWERGRID,,3,3,3
POWERMECH,,0,0,0
PPAP,,0,0,0
PRABHAT,,2,2,2
PRADIP,,1,1,1
PRAENG,,0,0,0
PRAJIND,,2,2,2
PRAKASH,,4,4,4
PRAKASHCON,,1,1,1
PRATIBHA,,0,0,0
PRAXIS,,0,0,0
PRECAM,,0,0,0
PRECOT,,0,0,0
PRECWIRE,,1,1,1
PREMEXPLN,,2,2,2
PREMEXPLQ,,2,2,2
PREMIER,,8,10,7
PREMIERPOL,,0,0,0
PRESSMN,,0,0,0
PRESTIGE,,6,6,6
PRICOLLTD,,0,0,0
PRIMESECU,,3,3,3
PROVOGE,,0,0,0
PROZONINTU,,0,0,0
PRSMJOHNSN,,3,3,3
PSB,,3,3,3
PSL,,0,0,0
PSPPROJECT,,3,3,3
PTC,,1,1,1
PTL,,0,0,0
PUNJABCHEM,,0,0,0
PUNJCOMMU,,0,0,0
PUNJLLOYD,,3,3,3
PURVA,,1,1,1
PVP,,0,0,0
PVR,,9,9,9
QUESS,,0,0,0
QUICKHEAL,,0,0,0
QUINTEGRA,,0,0,0
RADAAN,,0,0,0
RADICO,,0,0,0
RADIOCITY,,0,0,0
RAIN,,3,3,3
RAINBOWPAP,,0,0,0
RAJESHEXPO,,7,9,6
RAJRAYON,,0,0,0
RAJSREESUG,,1,1,1
RAJTV,,0,0,0
RAJVIR,,0,0,0
RALLIS,,3,3,3
RAMANEWS,,0,0,0
RAMASTEEL,,0,0,0
RAMCOCEM,,0,0,0
RAMCOIND,,1,1,1
RAMCOSYS,,0,0,0
RAMGOPOLY,,0,0,0
RAMKY,,1,1,1
RAMSARUP,,0,0,0
RANASUG,,2,4,1
RANEENGINE,,0,0,0
RANEHOLDIN,,1,1,1
RATNAMANI,,1,1,1
RAYMOND,,8,10,7
RBL,,12,12,12
RBLBANK,,12,12,12
RCF,,3,3,3
RCIIND,,0,0,0
RCOM,,25,27,24
RECLTD,,0,0,0
REDINGTON,,2,2,2
REFEX,,0,0,0
REGENCERAM,,0,0,0
RELAXO,,1,1,1
RELCAPITAL,,3,3,3
RELHOME,,3,3,3
RELIANCE,,72,86,66
RELIGARE,,0,0,0
RELINFRA,,7,7,7
REMSONSIND,,1,1,1
RENUKA,,1,1,1
REPCOHOME,,3,3,3
REPRO,,0,0,0
RESPONIND,,2,2,2
REVATHI,,1,1,1
RHFL,,4,4,4
RICOAUTO,,0,0,0
RIIL,,0,0,0
RJL,,0,0,0
RKDL,,0,0,0
RKFORGE,,0,0,0
RMCL,,0,0,0
RML,,0,0,0
RNAM,,5,5,5
RNAVAL,,0,0,0
ROHITFERRO,,0,0,0
ROHLTD,,0,0,0
ROLLT,,0,0,0
ROLTA,,1,1,1
ROSSELLIND,,0,0,0
RPGLIFE,,1,1,1
RPOWER,,4,4,4
RPPINFRA,,2,2,2
RRSLGETF,,0,0,0
RSSOFTWARE,,0,0,0
RSWM,,1,1,1
RSYSTEMINT,,4,4,4
RSYSTEMS,,0,0,0
RTNINFRA,,0,0,0
RTNPOWER,,0,0,0
RUBYMILLS,,0,0,0
RUCHINFRA,,0,0,0
RUCHIRA,,0,0,0
RUCHISOYA,,2,2,2
RUPA,,0,0,0
RUSHIL,,1,1,1
SABEVENTS,,1,1,1
SABTN,,1,1,1
SADBHAV,,4,4,4
SADBHIN,,1,1,1
SAGCEM,,1,1,1
SAIL,,19,19,19
SAKHTISUG,,1,1,1
SAKSOFT,,1,1,1
SAKUMA,,0,0,0
SALASAR,,1,1,1
SALONA,,1,1,1
SALONACOT,,1,1,1
SALORAINTL,,0,0,0
SALSTEEL,,0,0,0
SALZER,,1,1,1
SALZERELEC,,1,1,1
SAMBHAAV,,1,1,1
SANCO,,1,1,1
SANDESH,,0,0,0
SANDHAR,,0,0,0
SANGAMIND,,0,0,0
SANGHIIND,,0,0,0
SANGHVIFOR,,1,1,1
SANGHVIMOV,,0,0,0
SANOFI,,2,2,2
SANWARIA,,1,1,1
SARDAEN,,0,0,0
SAREGAMA,,1,1,1
SARLAPOLY,,0,0,0
SASKEN,,0,0,0
SASTASUNDR,,1,1,1
SATHAISPAT,,0,0,0
SATIN,,1,1,1
SBILIFE,,2,2,2
SBIN,,13,13,13
SCAPDVR,,2,2,2
SCHAEFFLER,,0,0,0
SCHAND,,1,1,1
SCHNEIDER,,1,1,1
SCI,,0,0,0
SDBL,,1,1,1
SEAMECLTD,,0,0,0
SELAN,,5,5,5
SELMCL,,0,0,0
SEPOWER,,4,6,3
SEQUENT,,1,1,1
SESHAPAPER,,0,0,0
SETCO,,0,0,0
SEYAIND,,0,0,0
SFL,,1,1,1
SGFL,,0,0,0
SGL,,0,0,0
SHAHALLOYS,,0,0,0
SHAKTIPUMP,,1,1,1
SHALBY,,0,0,0
SHALPAINTS,,0,0,0
SHANKARA,,0,0,0
SHANTIGEAR,,3,3,3
SHARDA,,2,2,2
SHARDACROP,,1,1,1
SHARDAMOTR,,0,0,0
SHEMAROO,,0,0,0
SHILPAMED,,1,1,1
SHILPI,,0,0,0
G,,0,0,0
SHIVAMAUTO,,0,0,0
SHIVAMILLS,,1,1,1
SHIVATEX,,1,1,1
SHIVTEX,,1,1,1
SHK,,0,0,0
SHOPERSTOP,,0,0,0
SHREECEM,,2,2,2
SHREEPUSHK,,0,0,0
SHREERAMA,,0,0,0
SHREYANIND,,0,0,0
SHREYAS,,0,0,0
SHRIPISTON,,0,0,0
SHRIRAMCIT,,0,0,0
SHRIRAMEPC,,0,0,0
SHYAMCENT,,1,1,1
SHYAMTEL,,0,0,0
SICAGEN,,0,0,0
SICAL,,1,1,1
SIEMENS,,8,8,8
SIGNET,,0,0,0
SIGNETIND,,0,0,0
SIL,,0,0,0
SILINV,,0,0,0
SIMBHALS,,3,3,3
SIMPLEX,,1,1,1
SIMPLEXINF,,0,0,0
SINTEX,,0,0,0
SINTEXPLAST,,0,0,0
SIS,,1,1,1
SITASHREE,,0,0,0
SITINET,,0,0,0
SIYSIL,,1,1,1
SJVN,,4,4,4
SKFINDIA,,0,0,0
SKIL,,1,1,1
SKIPPER,,2,2,2
SKMEGGPROD,,0,0,0
SMARTLINK,,1,1,1
SMLISUZU,,2,4,1
SMPL,,0,0,0
SMSLIFE,,0,0,0
SMSPHARMA,,0,0,0
SNOWMAN,,1,1,1
SOBHA,,7,9,6
SOLARINDS,,0,0,0
SOMANYCERA,,2,2,2
SOMATEX,,0,0,0
SOMICONV,,2,2,2
SOMICONVEY,,2,2,2
SONATSOFTW,,8,8,8
SORILINFRA,,1,1,1
SOTL,,0,0,0
SOUTHBANK,,3,3,3
SPAL,,0,0,0
SPARC,,15,17,14
SPECIALITY,,5,7,4
SPENTEX,,0,0,0
SPIC,,0,0,0
SPICEJET,,25,31,22
SPICEMOBI,,2,2,2
SPLIL,,0,0,0
SPMLINFRA,,2,2,2
SPTL,,0,0,0
SPYL,,1,1,1
SREEL,,0,0,0
SREINFRA,,1,1,1
SRF,,0,0,0
SRHHYPOLTD,,0,0,0
SRIPIPES,,0,0,0
SRSLTD,,0,0,0
SRTRANSFIN,,11,11,11
SSWL,,2,2,2
STAMPEDE,,4,4,4
STAN,,3,3,3
STAR,,7,7,7
STARCEMENT,,1,1,1
STARLIT,,1,1,1
STARPAPER,,0,0,0
STCINDIA,,0,0,0
STEELXIND,,1,1,1
STEL,,0,0,0
STERTOOLS,,0,0,0
STINDIA,,0,0,0
STRTECH,,0,0,0
SUBEX,,1,1,1
SUBROS,,2,2,2
SUDARSCHEM,,0,0,0
SUJANAUNI,,0,0,0
SUMEETINDS,,0,0,0
SUMMITSEC,,0,0,0
SUNCLAYLTD,,0,0,0
SUNDARAM,,5,5,5
SUNDARMFIN,,2,2,2
SUNDARMHLD,,2,2,2
SUNDRMBRAK,,0,0,0
SUNDRMFAST,,0,0,0
SUNFLAG,,0,0,0
SUNILHITEC,,0,0,0
SUNPHARMA,,3,3,3
SUNTECK,,2,2,2
SUNTV,,6,6,6
SUPERHOUSE,,1,1,1
SUPERSPIN,,1,1,1
SUPPETRO,,0,0,0
SUPRAJIT,,1,1,1
SUPREMEIND,,0,0,0
SUPREMEINF,,0,0,0
SUPREMETEX,,0,0,0
SURANACORP,,0,0,0
SURANAIND,,0,0,0
SURANASOL,,1,1,1
P,,0,0,0
SURYALAXMI,,0,0,0
SURYAROSNI,,3,3,3
SUTLEJTEX,,0,0,0
SUVEN,,3,3,3
SUYOG,,1,1,1
SUZLON,,13,15,12
SWANENERGY,,0,0,0
SWARAJENG,,0,0,0
SWELECTES,,0,0,0
SYMPHONY,,2,2,2
SYNCOM,,0,0,0
SYNDIBANK,,6,6,6
SYNGENE,,1,1,1
TAINWALCHM,,0,0,0
TAJGVK,,0,0,0
TAKE,,70,80,65
TALBROAUTO,,0,0,0
TALWALKARS,,0,0,0
TANLA,,1,1,1
TANTIACONS,,0,0,0
TARAJEWELS,,1,1,1
TARAPUR,,0,0,0
TARMAT,,0,0,0
TASTYBIT,,0,0,0
TASTYBITE,,0,0,0
TATACHEM,,2,2,2
TATACOFFEE,,0,0,0
TATACOMM,,5,5,5
TATAELXSI,,5,7,4
TATAGLOBAL,,7,7,7
TATAINVEST,,1,1,1
TATAMETALI,,1,1,1
TATAMOTORS,,69,85,62
TATAPOWER,,19,23,17
TATASPONGE,,1,1,1
TATASTEEL,,34,40,31
TATASTEELPP,,34,40,31
TBZ,,0,0,0
TCI,,1,1,1
TCIDEVELOP,,0,0,0
TCIEXP,,0,0,0
TCIFINANCE,,0,0,0
TCPLPACK,,0,0,0
TCS,,43,45,42
TDPOWERSYS,,0,0,0
TEAMLEASE,,5,5,5
TECHIN,,0,0,0
TECHM,,14,16,13
TECHNO,,0,0,0
TECHNOFAB,,0,0,0
TEJASNET,,4,4,4
TERASOFT,,1,1,1
TEXINFRA,,0,0,0
TEXMOPIPES,,1,1,1
TEXRAIL,,2,2,2
TFCILTD,,0,0,0
TFL,,0,0,0
TGBHOTELS,,0,0,0
THANGAMAYL,,0,0,0
THEBYKE,,0,0,0
THEMISMED,,0,0,0
THERMAX,,3,3,3
THIRUSUGAR,,0,0,0
THOMASCOOK,,4,4,4
THOMASCOTT,,0,0,0
THYROCARE,,1,1,1
TI,,0,0,0
TIDEWATER,,0,0,0
TIFHL,,0,0,0
TIFIN,,0,0,0
TIIL,,1,1,1
TIINDIA,,1,1,1
TIJARIA,,0,0,0
TIL,,0,0,0
TIMESGTY,,0,0,0
TIMETECHNO,,3,3,3
TIMKEN,,1,1,1
TINPLATE,,1,1,1
TIPSINDLTD,,1,1,1
TIRUMALCHM,,1,1,1
TITAN,,14,14,14
TMRVL,,0,0,0
TNPETRO,,0,0,0
TNPL,,2,2,2
TNTELE,,0,0,0
TOKYOPLAST,,0,0,0
TORNTPHARM,,0,0,0
TORNTPOWER,,2,2,2
TPLPLAST,,0,0,0
TPLPLASTEH,,0,0,0
TREEHOUSE,,0,0,0
TRENT,,5,5,5
TRF,,0,0,0
TRIDENT,,1,1,1
TRIGYN,,1,1,1
TRIL,,0,0,0
TRITURBINE,,0,0,0
TRIVENI,,2,2,2
TTKHEALTH,,0,0,0
TTKHLTCARE,,0,0,0
TTKPRESTIG,,4,4,4
TTL,,0,0,0
TTML,,1,1,1
TULSI,,0,0,0
TV18BRDCST,,5,5,5
TVSELECT,,0,0,0
TVSMOTOR,,8,8,8
TVSSRICHAK,,0,0,0
TVTODAY,,0,0,0
TVVISION,,0,0,0
TWL,,2,2,2
UBL,,6,6,6
UCALFUEL,,0,0,0
UCOBANK,,3,3,3
UFLEX,,1,1,1
UFO,,2,2,2
UGARSUGAR,,0,0,0
UJAAS,,1,1,1
UJJIVAN,,5,5,5
ULTRACAB,,0,0,0
ULTRACEMCO,,9,11,8
UMANGDAIR,,0,0,0
UMANGDAIRY,,0,0,0
UMESLTD,,3,3,3
UNICHEMLAB,,0,0,0
UNIENTER,,1,1,1
UNIONBANK,,7,7,7
UNIPHOS,,1,1,1
UNIPLY,,0,0,0
UNITDSPR,,5,5,5
UNITECH,,1,1,1
UNITEDBNK,,1,1,1
UNITEDTEA,,0,0,0
UNITY,,1,1,1
UNIVCABLES,,0,0,0
UPL,,8,8,8
URJA,,0,0,0
URJAGLOBA,,0,0,0
USHAMART,,5,5,5
USHERAGRO,,0,0,0
UTTAMSTL,,1,1,1
UTTAMSUGAR,,1,1,1
UVSL,,0,0,0
V2RETAIL,,2,2,2
VADILALIND,,2,2,2
VAIBHAVGBL,,2,2,2
VAKRANGEE,,3,3,3
VARDHACRLC,,0,0,0
VARDMNPOLY,,0,0,0
VASCONEQ,,0,0,0
VASWANI,,1,1,1
VBL,,3,3,3
VEDL,,24,36,19
VENKEYS,,0,0,0
VENKYS,,0,0,0
VENUSREM,,1,1,1
VESUVIUS,,0,0,0
VETO,,2,2,2
VFL,,0,0,0
VGUARD,,2,2,2
VHL,,0,0,0
VICEROY,,0,0,0
VIDEOIND,,0,0,0
VIDHIING,,0,0,0
VIJAYABANK,,10,10,10
VIJIFIN,,0,0,0
VIJSHAN,,0,0,0
VIKASECO,,1,1,1
VIMALOIL,,0,0,0
VIMTALABS,,0,0,0
VINATIORGA,,0,0,0
VINDHYATEL,,1,1,1
VINYLINDIA,,0,0,0
VIPCLOTHNG,,2,2,2
VIPIND,,0,0,0
VIPUL,,1,1,1
VIPULLTD,,1,1,1
VISAKAIND,,0,0,0
VISASTEEL,,0,0,0
VISESHINFO,,0,0,0
VISHAL,,1,1,1
VISHNU,,0,0,0
VIVIDHA,,0,0,0
VIVIMEDLAB,,1,1,1
VLSFINANCE,,1,1,1
VMART,,3,3,3
VOLTAMP,,1,1,1
VOLTAS,,5,5,5
VRLLOG,,1,1,1
VSSL,,0,0,0
VSTIND,,0,0,0
VSTTILLERS,,0,0,0
VTL,,0,0,0
WABAG,,2,2,2
WABCOINDIA,,1,1,1
WALCHANNAG,,0,0,0
WANBURY,,0,0,0
WEBELSOLAR,,0,0,0
WEIZFOREX,,0,0,0
WEIZMANIND,,1,1,1
WELCORP,,8,10,7
WELENT,,4,6,3
WELINV,,0,0,0
WELSPUNIND,,0,0,0
WENDT,,0,0,0
WESTLIFE,,3,3,3
WHEELS,,2,2,2
WHIRLPOOL,,9,9,9
WILLAMAGOR,,0,0,0
WIMPLAST,,0,0,0
WINDMACHIN,,0,0,0
WINSOME,,0,0,0
WINSOMTX,,0,0,0
WIPL,,0,0,0
WIPRO,,12,16,10
WOCKPHARMA,,4,10,2
WONDERLA,,0,0,0
WSI,,0,0,0
WSIND,,0,0,0
WSTCSTPAPR,,0,0,0
XCHANGING,,0,0,0
XLENERGY,,0,0,0
XPROINDIA,,1,1,1
YESBANK,,78,104,66
ZANDUREALT,,0,0,0
ZEEL,,18,22,16
ZEELEARN,,1,1,1
ZEEMEDIA,,4,4,4
ZENITHBIR,,2,2,2
ZENITHEXPO,,1,1,1
ZENSARTECH,,3,5,2
ZENTEC,,0,0,0
ZFSTEERING,,0,0,0
ZICOM,,0,0,0
ZODIACLOTH,,0,0,0
ZODJRDMKJ,,0,0,0
ZUARI,,1,1,1
ZUARIGLOB,,0,0,0
ZYDUSWELL,,1,1,1
ZYLOG,,2,4,1
